easy use,"Easy, friendly, helpful, useful, versatile, intuitive, robust, Interface, functionality, learning, service, feature, tool, software, user"
complex survey,"Best, complex, easy, complicated, robust, simple, Tool, package, Monkey, system, software, option, platform, survey"
customer service,"Responsive, good, great, slow, outstanding, helpful, excellent, Service, support, customer, product, tool, survey, quality, platform, interface, software"
tech support,"Awesome, good, great, excellent, helpful, fantastic, Tech, customer, phone, feature, quality, service, team, staff, support"
great tool,"Easy, best, robust, good, flexible, awesome, great, excellent, powerful, useful, complete, Survey, tool, feature, customer, service, reporting, support, interface"
great product,"Good, great, excellent, awesome, simple, robust, easy, Service, support, quality, survey, customer, product"
nice feature,"Cool, powerful, rich, nice, advanced, excellent, Product, set, software, survey, interface, feature"
intuitive software,"Intuitive, easy, great, friendly, flexible, excellent, Survey, feature, user, customer, service, support, software"
question design,"Complex, great, simple, formatted, good, customizable, Variety, type, design, survey, building, question"
best platform,"Excellent, good, friendly, intuitive, great, easy, best, Service, support, user, survey, software, platform"
request feature,"sophisticated, handle, technical, basic, complete, request, wide, feedback, efficiency, feature, organization, changes, ideas, everything"
specific problems,"specific, experience, able, several, team, nice, previous, migrate, account, market, price, report, rate, problems, works, company, lot"
friendly user,"flexible, friendly, excel, excellent, easy, innovative, interface, flexibility, product, platform, user, software, tools, panels, respondents, academics, setup, options"
comprehensive set,"comprehensive, best, love, different, set, weeks, things, feel, number"
quick response,"afford, complex, fantastic, quick, cost, email, ability, reports, solution, users, types, needs, staff, sales, response"
complex reports,"afford, complex, fantastic, quick, cost, email, ability, reports, solution, users, types, needs, staff, sales, response"
robust capabilities,"intuitive, responsive, robust, timeframe, qualtrics, surveys, functionality, usability, versatility, customer, ease, customization, tool, survey, capabilities, tutorials"
useful quality,"great, useful, simple, effective, improve, good, quality, researchers, data, questions, question, issues, system, help, guys"
friendly interface,"flexible, friendly, excel, excellent, easy, innovative, interface, flexibility, product, platform, user, software, tools, panels, respondents, academics, setup, options"
excellent platform,"flexible, friendly, excel, excellent, easy, innovative, interface, flexibility, product, platform, user, software, tools, panels, respondents, academics, setup, options"
opt outs,"pleased, functional, analytical, opt, folders, detractor, administrator, bugs, capability, incidence, outs, client, requests, efficiency"
smaller businesses,"fabulous, download, reasonable, difficult, smaller, overview, administration, expert, businesses, tickets, products, requirements"
competitive price,"offline, complete, competitive, specific, agent, annual, access, phone, account, ways, market, answer, price, report, guys, experience"
previous weeks,"previous, due, luck, availability, request, company, site, address, management, weeks, addition, everything, things"
small companies,"outstanding, amazing, ed, longer, range, unable, past, poor, small, projects, hear, companies, issue, page, direction"
complete report,"offline, complete, competitive, specific, agent, annual, access, phone, account, ways, market, answer, price, report, guys, experience"
effective solution,"useful, easier, complex, unwilling, overall, simple, multiple, effective, researchers, solution, formats, users, questions, types, respond, lots"
great documentation,"prohibitive, great, documentation, packages, ability, clients, possibilities, salesforce, creators, functions, reports, answers"
much job,"much, look, many, quirks, resources, catch, feel, job, number, business, relationship, someone, type"
robust capabilities,"intuitive, responsive, robust, unprofessional, qualtrics, surveys, functionality, usability, versatility, customer, ease, customization, tool, survey, capabilities, responsiveness, buggy"
customer service,"customer, service, customer, service, customer, support, response, time, call, phone, service, people, support, team, knowledge, help, tech, support, friendly, great, superlative, available, prompt, superb, knowledgeable, rude, unprofessional, excellent"
ease of use,"ease, of, use, accessibility, interface, quirks, user, friendly, one, stop, ease, easy, accessible, simple, complicated, intuitive, difficult, quick, usability"
survey creation,"survey, creation, questions, flexibility, variety, dialogue, customization, survey, range, sophisticated, complex, flexible, comprehensive, rich, wide, customizable"
cost,"cost, price, billing, cost, expense, bill, payment, fee, per, year, expensive, affordable, unaffordable, pricey, cheap"
general capabilities,"general, capabilities, features, capabilities, expanding, software, revolutionize, product, quality, performance, experience, flaws, versatility, robust, capable, advanced, innovative, functional, versatile"
problems and bugs,"problems, and, bugs, issues, problems, bugs, stability, reliability, availability, website, site, buggy, stable, reliable, available, slow, sluggish"
reporting services,"reporting, services, reporting, dashboards, reports, aggregate, responses, excel, exports, terrible, limited, good, bad"
support materials,"support, materials, training, videos, materials, support, materials, tutorials, on, boarding, useful, helpful, unhelpful"
look and feel,"look, and, feel, look, feel, interface, layout, appearance, ux, nice, good, clean"
disrtribution,"Distribution, distribution, panels, distribute, quick, easy"
affordable cost,"Affordable, cost, pricing, educational, pricing, student, accounts, cost, cheap, inexpensive, affordable, cost, effective, reasonable, high, pricey"
easy to use,"Easy, to, Use, tool, training, navigate, easy, convenient, user, friendly, intuitive, easy, to, use, ease, of, use, usability, friendliness"
excellent features,"Excellent, Features, features, product, package, feature, set, capabilities, functionality, tool, platform, excellent, advanced, comprehensive, options, customizable, robust, flexible, powerful, versatile"
customer service,"Customer, Service, customer, service, support, answers, help, desk, phone, service, assistance, documentation, tutorials, training, terrific, amazing, top, notch, excellent, engaged, helpful, responsive, friendly"
updates,"Updates, updates, survey, updates, improvements, capabilities, continued, new, improved, expanding, constant"
reporting tools,"Reporting, Tools, reporting, reporting, tools, reporting, tool, reporter, broken, buggy, wait, bad"
problems and challenges,"Problems, Challenges, problems, limitations, annoyances, challenge, issues, delays, drawbacks, frustrating, pain, difficult, time, consuming, tricky, lacking, cumbersome"
response time,"Response, Time, wait, wait, time, time, hours, days, response, customer, support, support, team, tech, support, down, difficult, slow, unimpressed, rude, unprofessional"
display results,"Display, Results, results, display, view, data, responses, quirks, order, focus, effective"
research,"Research, research, market, research, researcher, research, suite, collecting, data, needs, easier, easy, great, good, excellent"
qualtrics affordable,"qualtrics, affordable, qualtrics, use, easy, use, easy, service, support, affordable, enables, excellent, versitile, versatile, fairly, wide, sophisticated, relatively, provides"
customer service,"customer, service, complex, customer, service, product, surveys, good, survey, tool, complex, accessibility, awkward, frequently, qualtics, special, promote, traditional, purpose, monkey"
intuitive desk,"intuitive, desk, intuitive, ease, use, always, great, help, customer, visceral, nonrational, desk, layout, anyone, centric, innovating, top, continuous, innovative, reasonably, respond"
functionality still,"functionality, still, functionality, like, time, work, could, reporting, still, bit, afford, versatility, see, customization, beta, despite, spend, investment"
user friendly types,"user, friendly, types, user, friendly, features, much, question, types, easier, table, new, adding, advanced, added, nice, know, design"
responsive everything,"responsive, everything, responsive, capabilities, need, also, antiphonal, reactive, everything, offers, almost, though, love, us, job, run, design, happy"
ease per,"ease, per, ease, make, one, quality, simplicity, simpleness, easiness, per, row, table, high, professional, look, excellent, panel, per, tools"
triggers panel,"triggers, panel, triggers, options, lot, business, many, things, gun, trigger, trigger, panel, lots, usability, part, afford, questions, needs, user"
customer support,"customer, support, mind, customer, support, software, data, platform, mind, sources, excellent, collection, keep, therefore, setting, satisfied, research, best"
survey tool,"survey, tool, phone, survey, tool, get, phone, results, would"
qualtrics lot,"qualtrics, lot, qualtrics, use, easy, use, easy, support, service, lot, affordable, enables, versitile, versatile, fairly, wide, sophisticated, relatively, provides"
customer service,"customer, service, accessibility, customer, service, survey, customer, good, great, user, accessibility, restrictive, monkey, row, per, package, sent, layout, purpose, improvements, centric"
intuitive desk,"intuitive, desk, intuitive, help, like, product, friendly, needs, nonrational, visceral, desk, organization, value, functional, bit, pretty, really, satisfied, quality"
ease use,"ease, use, sources, ease, use, tool, data, excellent, time, reporting, sources, put, smaller, terms, still, research, ability, also, academic, beta"
functionality extremely,"functionality, extremely, functionality, system, extremely, lot, quite, expensive, questions, well, used"
user friendly,"user, friendly, training, user, friendly, ease, training, quality, know, research, surveys, using, well, options, question, surveys"
responsive name,"responsive, name, responsive, much, software, work, antiphonal, reactive, name, versitile, easier, know, problem, well, market, already, best, everything"
customer support,"customer, support, adding, customer, support, platform, features, adding, keep, company, nice, expensive, new, anything, cost, online, advanced"
survey tool,"survey, tool, helpful, survey, tool, always, helpful, issues"
great tool,"great, tool, see, great, tool, would, see, 10, recommend, options, question"
responsive customer service,"customer service, support, service, good, excellent, great, helpful, spotty, responsive, friendly, available, slow"
flexible product,"product, application, software, system, platform, flexible, intuitive, sophisticated, limited"
extensive functionality,"functionality, capability, feature, program, tool, extensive, simple, powerful, fantastic, broken, dynamic"
versatile report,"report, response, survey, nice, robust, versatile, best, ugly, comprehensive"
user friendly interface,"interface, design, layout, user friendly, easy, clean"
substantial issue,"issue, challenge, problem, concern, substantial, slow, usability"
high price,"price, cost, reasonable, high, expensive, affordable, low, prohibitive"
lacking training,"set-up, tutorial, training, lacking, little, effective, bad, easy"
strong quality,"quality, performance, high, strong"
sluggish website,"website, site, sluggish, easy"
